{
  "53500107_d24b11b3c2_b.jpg1000000": {
    "fileref": "",
    "size": 1000000,
    "filename": "53500107_d24b11b3c2_b.jpg",
    "base64_img_data": "",
    "file_attributes": {},
    "regions": {
      "0": {
        "shape_attributes": {
          "name": "polygon",
          "all_points_x": [
            576,
            426,
            407,
            618,
            614
          ],
          "all_points_y": [
            54,
            57,
            323,
            331,
            127
          ]
        },
        "region_attributes": {}
      },
      "1": {
        "shape_attributes": {
          "name": "polygon",
          "all_points_x": [
            580,
            480,
            484,
            768,
            649
          ],
          "all_points_y": [
            461,
            584,
            892,
            815,
            473
          ]
        },
        "region_attributes": {}
      },
      "2": {
        "shape_attributes": {
          "name": "polygon",
          "all_points_x": [
            191,
            330,
            610,
            645,
            226,
            126
          ],
          "all_points_y": [
            1277,
            1257,
            1461,
            1534,
            1534,
            1423
          ]
        },
        "region_attributes": {}
      },
      "3": {
        "shape_attributes": {
          "name": "polygon",
          "all_points_x": [
            672,
            607,
            718,
            814,
            749
          ],
          "all_points_y": [
            1246,
            1434,
            1523,
            1465,
            1234
          ]
        },
        "region_attributes": {}
      },
      "4": {
        "shape_attributes": {
          "name": "polygon",
          "all_points_x": [
            18,
            164,
            295,
            149,
            3
          ],
          "all_points_y": [
            407,
            407,
            788,
            915,
            919
          ]
        },
        "region_attributes": {}
      },
      "5": {
        "shape_attributes": {
          "name": "polygon",
          "all_points_x": [
            295,
            476,
            480,
            303,
            226
          ],
          "all_points_y": [
            511,
            604,
            884,
            800,
            588
          ]
        },
        "region_attributes": {}
      },
      "6": {
        "shape_attributes": {
          "name": "polygon",
          "all_points_x": [
            207,
            284,
            280,
            222
          ],
          "all_points_y": [
            400,
            404,
            534,
            531
          ]
        },
        "region_attributes": {}
      }
    }
  },
  "120853323_d4788431b9_b.jpg1000000": {
    "fileref": "",
    "size": 1000000,
    "filename": "120853323_d4788431b9_b.jpg",
    "base64_img_data": "",
    "file_attributes": {},
    "regions": {
      "0": {
        "shape_attributes": {
          "name": "polygon",
          "all_points_x": [
            257,
            353,
            568,
            799,
            799,
            510,
            41
          ],
          "all_points_y": [
            138,
            61,
            77,
            57,
            300,
            473,
            507
          ]
        },
        "region_attributes": {}
      },
      "1": {
        "shape_attributes": {
          "name": "polygon",
          "all_points_x": [
            641,
            753,
            757,
            857,
            960,
            891
          ],
          "all_points_y": [
            446,
            303,
            303,
            261,
            392,
            484
          ]
        },
        "region_attributes": {}
      },
      "2": {
        "shape_attributes": {
          "name": "polygon",
          "all_points_x": [
            326,
            326,
            403,
            391
          ],
          "all_points_y": [
            500,
            584,
            596,
            507
          ]
        },
        "region_attributes": {}
      },
      "3": {
        "shape_attributes": {
          "name": "polygon",
          "all_points_x": [
            180,
            149,
            360,
            322
          ],
          "all_points_y": [
            765,
            1015,
            1042,
            750
          ]
        },
        "region_attributes": {}
      },
      "4": {
        "shape_attributes": {
          "name": "polygon",
          "all_points_x": [
            376,
            522,
            614,
            684,
            687,
            364
          ],
          "all_points_y": [
            946,
            796,
            750,
            892,
            1023,
            1023
          ]
        },
        "region_attributes": {}
      },
      "5": {
        "shape_attributes": {
          "name": "polygon",
          "all_points_x": [
            764,
            903,
            987,
            987
          ],
          "all_points_y": [
            1027,
            777,
            761,
            1034
          ]
        },
        "region_attributes": {}
      },
      "6": {
        "shape_attributes": {
          "name": "polygon",
          "all_points_x": [
            334,
            499,
            660,
            718,
            318
          ],
          "all_points_y": [
            1219,
            1053,
            1057,
            1280,
            1303
          ]
        },
        "region_attributes": {}
      },
      "7": {
        "shape_attributes": {
          "name": "polygon",
          "all_points_x": [
            114,
            172,
            303,
            318
          ],
          "all_points_y": [
            1361,
            1161,
            1211,
            1388
          ]
        },
        "region_attributes": {}
      },
      "8": {
        "shape_attributes": {
          "name": "polygon",
          "all_points_x": [
            337,
            872,
            994,
            994,
            307
          ],
          "all_points_y": [
            1311,
            1300,
            1473,
            1553,
            1546
          ]
        },
        "region_attributes": {}
      },
      "9": {
        "shape_attributes": {
          "name": "polygon",
          "all_points_x": [
            384,
            414,
            510,
            534,
            372
          ],
          "all_points_y": [
            773,
            688,
            673,
            788,
            950
          ]
        },
        "region_attributes": {}
      },
      "10": {
        "shape_attributes": {
          "name": "polygon",
          "all_points_x": [
            10,
            268,
            314,
            245,
            95,
            0
          ],
          "all_points_y": [
            1338,
            1392,
            1465,
            1500,
            1542,
            1509
          ]
        },
        "region_attributes": {}
      },
      "11": {
        "shape_attributes": {
          "name": "polygon",
          "all_points_x": [
            14,
            41,
            99,
            122,
            145,
            76,
            130,
            53,
            41,
            22
          ],
          "all_points_y": [
            753,
            684,
            680,
            738,
            827,
            769,
            930,
            961,
            1030,
            1023
          ]
        },
        "region_attributes": {}
      }
    }
  },
  "154446334_5d41cd1375_b.jpg1000000": {
    "fileref": "",
    "size": 1000000,
    "filename": "154446334_5d41cd1375_b.jpg",
    "base64_img_data": "",
    "file_attributes": {},
    "regions": {
      "0": {
        "shape_attributes": {
          "name": "polygon",
          "all_points_x": [
            80,
            210,
            268,
            0
          ],
          "all_points_y": [
            20,
            12,
            251,
            281
          ]
        },
        "region_attributes": {}
      },
      "1": {
        "shape_attributes": {
          "name": "polygon",
          "all_points_x": [
            64,
            203,
            387,
            0
          ],
          "all_points_y": [
            570,
            566,
            778,
            785
          ]
        },
        "region_attributes": {}
      },
      "2": {
        "shape_attributes": {
          "name": "polygon",
          "all_points_x": [
            30,
            45,
            549,
            168
          ],
          "all_points_y": [
            278,
            559,
            562,
            251
          ]
        },
        "region_attributes": {}
      },
      "3": {
        "shape_attributes": {
          "name": "polygon",
          "all_points_x": [
            68,
            230,
            399,
            0,
            0
          ],
          "all_points_y": [
            774,
            786,
            1086,
            1074,
            912
          ]
        },
        "region_attributes": {}
      },
      "4": {
        "shape_attributes": {
          "name": "polygon",
          "all_points_x": [
            10,
            495,
            443,
            3
          ],
          "all_points_y": [
            1301,
            1297,
            1548,
            1539
          ]
        },
        "region_attributes": {}
      }
    }
  }
}