{
    "images": [
        {
            "height": 1539,
            "width": 995,
            "id": 0,
            "file_name": "8bfbe24a-6fc5-449c-8e98-653152beb540.jpg"
        },
        {
            "height": 1549,
            "width": 995,
            "id": 1,
            "file_name": "9ac9c1e9-6d46-417b-ae19-9e0077b048af.jpg"
        },
        {
            "height": 1554,
            "width": 995,
            "id": 2,
            "file_name": "9b84ba55-fb8b-4a14-8711-68e47ddea536.jpg"
        }
    ],
    "categories": [
        {
            "supercategory": "Batman",
            "id": 0,
            "name": "Batman"
        },
        {
            "supercategory": "Killer",
            "id": 1,
            "name": "Killer"
        },
        {
            "supercategory": "Leena",
            "id": 2,
            "name": "Leena"
        },
        {
            "supercategory": "Spiderman",
            "id": 3,
            "name": "Spiderman"
        },
        {
            "supercategory": "Villain",
            "id": 4,
            "name": "Villain"
        },
        {
            "supercategory": "outsider",
            "id": 5,
            "name": "outsider"
        }
    ],
    "annotations": [
        {
            "segmentation": [
                [
                    576.3461538461538,
                    54.115384615384585,
                    426.3461538461538,
                    57.96153846153844,
                    407.1153846153845,
                    323.3461538461538,
                    618.6538461538461,
                    331.0384615384615,
                    614.8076923076923,
                    127.19230769230765
                ]
            ],
            "iscrowd": 0,
            "area": 52773.66863905324,
            "image_id": 0,
            "bbox": [
                407.0,
                54.0,
                211.0,
                277.0
            ],
            "category_id": 2,
            "id": 1
        },
        {
            "segmentation": [
                [
                    580.1923076923076,
                    461.80769230769226,
                    480.1923076923076,
                    584.8846153846154,
                    484.03846153846143,
                    892.576923076923,
                    768.6538461538461,
                    815.6538461538461,
                    649.4230769230769,
                    473.3461538461538
                ]
            ],
            "iscrowd": 0,
            "area": 84386.09467455617,
            "image_id": 0,
            "bbox": [
                480.0,
                461.0,
                288.0,
                431.0
            ],
            "category_id": 4,
            "id": 2
        },
        {
            "segmentation": [
                [
                    191.73076923076917,
                    1277.1923076923076,
                    330.1923076923076,
                    1257.9615384615386,
                    610.9615384615385,
                    1461.8076923076924,
                    645.576923076923,
                    1534.8846153846152,
                    226.3461538461538,
                    1534.8846153846152,
                    126.34615384615381,
                    1423.3461538461538
                ]
            ],
            "iscrowd": 0,
            "area": 93905.32544378703,
            "image_id": 0,
            "bbox": [
                126.0,
                1257.0,
                519.0,
                277.0
            ],
            "category_id": 4,
            "id": 3
        },
        {
            "segmentation": [
                [
                    672.5,
                    1246.4230769230767,
                    607.1153846153845,
                    1434.8846153846152,
                    718.6538461538461,
                    1523.3461538461538,
                    814.8076923076923,
                    1465.6538461538462,
                    749.4230769230769,
                    1234.8846153846152
                ]
            ],
            "iscrowd": 0,
            "area": 37300.2958579883,
            "image_id": 0,
            "bbox": [
                607.0,
                1234.0,
                207.0,
                289.0
            ],
            "category_id": 2,
            "id": 4
        },
        {
            "segmentation": [
                [
                    18.653846153846132,
                    407.9615384615384,
                    164.80769230769226,
                    407.9615384615384,
                    295.57692307692304,
                    788.7307692307692,
                    149.4230769230769,
                    915.6538461538461,
                    3.269230769230745,
                    919.4999999999999
                ]
            ],
            "iscrowd": 0,
            "area": 110576.92307692306,
            "image_id": 0,
            "bbox": [
                3.0,
                407.0,
                292.0,
                512.0
            ],
            "category_id": 2,
            "id": 5
        },
        {
            "segmentation": [
                [
                    295.57692307692304,
                    511.80769230769226,
                    476.3461538461538,
                    604.1153846153845,
                    480.1923076923076,
                    884.8846153846154,
                    303.2692307692307,
                    800.2692307692307,
                    226.3461538461538,
                    588.7307692307692
                ]
            ],
            "iscrowd": 0,
            "area": 60673.076923076995,
            "image_id": 0,
            "bbox": [
                226.0,
                511.0,
                254.0,
                373.0
            ],
            "category_id": 4,
            "id": 6
        },
        {
            "segmentation": [
                [
                    207.11538461538458,
                    400.2692307692307,
                    284.0384615384615,
                    404.1153846153846,
                    280.1923076923077,
                    534.8846153846154,
                    222.49999999999994,
                    531.0384615384615
                ]
            ],
            "iscrowd": 0,
            "area": 8779.58579881658,
            "image_id": 0,
            "bbox": [
                207.0,
                400.0,
                77.0,
                134.0
            ],
            "category_id": 5,
            "id": 7
        },
        {
            "segmentation": [
                [
                    80.19230769230765,
                    20.653846153846168,
                    210.9615384615384,
                    12.96153846153848,
                    268.65384615384613,
                    251.42307692307696,
                    0.0,
                    281.27350427350433
                ]
            ],
            "iscrowd": 0,
            "area": 49624.95890861275,
            "image_id": 1,
            "bbox": [
                0.0,
                12.0,
                268.0,
                269.0
            ],
            "category_id": 2,
            "id": 8
        },
        {
            "segmentation": [
                [
                    64.80769230769226,
                    570.6538461538461,
                    203.26923076923072,
                    566.8076923076923,
                    387.88461538461536,
                    778.3461538461538,
                    -5.684341886080802e-14,
                    785.4633027522934
                ]
            ],
            "iscrowd": 0,
            "area": 56430.01872862494,
            "image_id": 1,
            "bbox": [
                0.0,
                566.0,
                387.0,
                219.0
            ],
            "category_id": 2,
            "id": 9
        },
        {
            "segmentation": [
                [
                    30.19230769230765,
                    278.34615384615387,
                    45.57692307692304,
                    559.1153846153845,
                    549.4230769230769,
                    562.9615384615385,
                    168.65384615384613,
                    251.42307692307696
                ]
            ],
            "iscrowd": 0,
            "area": 97396.449704142,
            "image_id": 1,
            "bbox": [
                30.0,
                251.0,
                519.0,
                311.0
            ],
            "category_id": 0,
            "id": 10
        },
        {
            "segmentation": [
                [
                    68.65384615384613,
                    774.5,
                    230.19230769230768,
                    786.0384615384614,
                    399.4230769230769,
                    1086.0384615384617,
                    0.0,
                    1074.8396836808051,
                    0.0,
                    912.9615384615385
                ]
            ],
            "iscrowd": 0,
            "area": 89176.93638361996,
            "image_id": 1,
            "bbox": [
                0.0,
                774.0,
                399.0,
                312.0
            ],
            "category_id": 0,
            "id": 11
        },
        {
            "segmentation": [
                [
                    10.961538461538424,
                    1301.423076923077,
                    495.576923076923,
                    1297.576923076923,
                    443.2497129735935,
                    1548.0,
                    3.269230769230745,
                    1539.8846153846155
                ]
            ],
            "iscrowd": 0,
            "area": 113069.23297712603,
            "image_id": 1,
            "bbox": [
                3.0,
                1297.0,
                492.0,
                251.0
            ],
            "category_id": 3,
            "id": 12
        },
        {
            "segmentation": [
                [
                    257.1153846153846,
                    138.53846153846158,
                    353.2692307692307,
                    61.61538461538465,
                    568.6538461538461,
                    77.00000000000004,
                    799.4230769230769,
                    57.76923076923081,
                    799.4230769230769,
                    300.0769230769231,
                    510.96153846153845,
                    473.1538461538462,
                    41.7307692307692,
                    507.7692307692308
                ]
            ],
            "iscrowd": 0,
            "area": 231960.05917159762,
            "image_id": 2,
            "bbox": [
                41.0,
                57.0,
                758.0,
                450.0
            ],
            "category_id": 3,
            "id": 13
        },
        {
            "segmentation": [
                [
                    641.7307692307692,
                    446.2307692307692,
                    753.2692307692307,
                    303.92307692307696,
                    757.1153846153845,
                    303.92307692307696,
                    857.1153846153845,
                    261.61538461538464,
                    960.9615384615385,
                    392.3846153846154,
                    891.7307692307692,
                    484.6923076923077
                ]
            ],
            "iscrowd": 0,
            "area": 41486.68639053241,
            "image_id": 2,
            "bbox": [
                641.0,
                261.0,
                319.0,
                223.0
            ],
            "category_id": 1,
            "id": 14
        },
        {
            "segmentation": [
                [
                    326.3461538461538,
                    500.0769230769231,
                    326.3461538461538,
                    584.6923076923077,
                    403.2692307692307,
                    596.2307692307693,
                    391.73076923076917,
                    507.7692307692308
                ]
            ],
            "iscrowd": 0,
            "area": 6102.071005917154,
            "image_id": 2,
            "bbox": [
                326.0,
                500.0,
                77.0,
                96.0
            ],
            "category_id": 3,
            "id": 15
        },
        {
            "segmentation": [
                [
                    180.19230769230768,
                    765.4615384615386,
                    149.4230769230769,
                    1015.4615384615386,
                    360.96153846153845,
                    1042.3846153846155,
                    322.49999999999994,
                    750.0769230769231
                ]
            ],
            "iscrowd": 0,
            "area": 47951.18343195261,
            "image_id": 2,
            "bbox": [
                149.0,
                750.0,
                211.0,
                292.0
            ],
            "category_id": 3,
            "id": 16
        },
        {
            "segmentation": [
                [
                    376.3461538461538,
                    946.2307692307693,
                    522.5,
                    796.2307692307693,
                    614.8076923076923,
                    750.0769230769231,
                    684.0384615384614,
                    892.3846153846155,
                    687.8846153846154,
                    1023.1538461538462,
                    364.80769230769226,
                    1023.1538461538462
                ]
            ],
            "iscrowd": 0,
            "area": 59955.62130177533,
            "image_id": 2,
            "bbox": [
                364.0,
                750.0,
                323.0,
                273.0
            ],
            "category_id": 3,
            "id": 17
        },
        {
            "segmentation": [
                [
                    764.8076923076923,
                    1027.0,
                    903.2692307692306,
                    777.0000000000001,
                    987.8846153846154,
                    761.6153846153846,
                    987.8846153846154,
                    1034.6923076923078
                ]
            ],
            "iscrowd": 0,
            "area": 39970.41420118348,
            "image_id": 2,
            "bbox": [
                764.0,
                761.0,
                223.0,
                273.0
            ],
            "category_id": 3,
            "id": 18
        },
        {
            "segmentation": [
                [
                    334.0384615384615,
                    1219.3076923076924,
                    499.4230769230769,
                    1053.923076923077,
                    660.9615384615385,
                    1057.7692307692307,
                    718.6538461538461,
                    1280.8461538461538,
                    318.65384615384613,
                    1303.923076923077
                ]
            ],
            "iscrowd": 0,
            "area": 71545.85798816592,
            "image_id": 2,
            "bbox": [
                318.0,
                1053.0,
                400.0,
                250.0
            ],
            "category_id": 3,
            "id": 19
        },
        {
            "segmentation": [
                [
                    114.80769230769226,
                    1361.6153846153848,
                    172.49999999999994,
                    1161.6153846153848,
                    303.2692307692307,
                    1211.6153846153848,
                    318.65384615384613,
                    1388.5384615384617
                ]
            ],
            "iscrowd": 0,
            "area": 32344.6745562132,
            "image_id": 2,
            "bbox": [
                114.0,
                1161.0,
                204.0,
                227.0
            ],
            "category_id": 3,
            "id": 20
        },
        {
            "segmentation": [
                [
                    337.88461538461536,
                    1311.6153846153848,
                    872.4999999999999,
                    1300.076923076923,
                    994.0,
                    1473.6483516483518,
                    994.0,
                    1553.0,
                    307.1153846153846,
                    1546.2307692307693
                ]
            ],
            "iscrowd": 0,
            "area": 153810.8493237528,
            "image_id": 2,
            "bbox": [
                307.0,
                1300.0,
                687.0,
                253.0
            ],
            "category_id": 0,
            "id": 21
        },
        {
            "segmentation": [
                [
                    384.03846153846155,
                    773.1538461538462,
                    414.80769230769226,
                    688.5384615384615,
                    510.96153846153845,
                    673.1538461538462,
                    534.0384615384614,
                    788.5384615384615,
                    372.5,
                    950.0769230769231
                ]
            ],
            "iscrowd": 0,
            "area": 25665.680473372806,
            "image_id": 2,
            "bbox": [
                372.0,
                673.0,
                162.0,
                277.0
            ],
            "category_id": 1,
            "id": 22
        },
        {
            "segmentation": [
                [
                    10.961538461538424,
                    1338.5384615384617,
                    268.65384615384613,
                    1392.3846153846155,
                    314.80769230769226,
                    1465.4615384615386,
                    245.57692307692304,
                    1500.076923076923,
                    95.57692307692304,
                    1542.3846153846155,
                    0.0,
                    1509.3002958579882
                ]
            ],
            "iscrowd": 0,
            "area": 43245.6190259445,
            "image_id": 2,
            "bbox": [
                0.0,
                1338.0,
                314.0,
                204.0
            ],
            "category_id": 1,
            "id": 23
        },
        {
            "segmentation": [
                [
                    14.807692307692264,
                    753.923076923077,
                    41.7307692307692,
                    684.6923076923077,
                    99.4230769230769,
                    680.8461538461539,
                    122.49999999999994,
                    738.5384615384615,
                    145.57692307692304,
                    827.0000000000001,
                    76.34615384615381,
                    769.3076923076924,
                    130.19230769230768,
                    930.8461538461539,
                    53.269230769230745,
                    961.6153846153846,
                    41.7307692307692,
                    1030.8461538461538,
                    22.49999999999997,
                    1023.1538461538462
                ]
            ],
            "iscrowd": 0,
            "area": 27152.366863905278,
            "image_id": 2,
            "bbox": [
                14.0,
                680.0,
                131.0,
                350.0
            ],
            "category_id": 1,
            "id": 24
        }
    ]
}